ABANDONMENT,348
ABILITY,327
ABSOLUTION,256
ABUNDANCE,386
ACCOMPLICE,391
ACCORD,248
ACCORDANCE,237
ACCOUNT,361
ACCUMULATION,354
ACCUSER,343
ADDITION,347
ADHERENCE,326
ADJECTIVE,394
ADJOURNMENT,305
ADMISSION,389
ADVANTAGE,292
ADVERSITY,326
ADVICE,352
AFFAIR,361
AFFIRMATION,313
AGENCY,366
AGGRESSOR,383
AGREEMENT,367
AIM,383
ALIAS,294
ALLEGATION,291
ALLEGORY,244
ALTERNATIVE,268
AMATEUR,397
AMBITION,346
AMENDMENT,305
AMOUNT,316
AMPLITUDE,389
ANALOGY,267
ANECDOTE,357
ANIMOSITY,388
ANNOUNCEMENT,381
ANSWER,368
ANTAGONISM,378
APATHY,376
APEX,375
APPOINTMENT,386
APPROVAL,375
APTITUDE,310
AREA,394
ARRANGEMENT,316
ARRAY,365
ASPECT,233
ASSENT,345
ASSISTANCE,348
ASSORTMENT,367
ASSUMPTION,257
ATTEMPT,302
ATTITUDE,321
AUDIT,253
AUDITION,395
AVERAGE,297
AXIOM,311
BEGINNING,359
BEHAVIOR,351
BELIEF,328
BENEFACTOR,345
BEQUEST,294
BETRAYAL,358
BID,394
BLAME,356
BLASPHEMY,355
BOND,380
BONUS,397
BOTHER,369
BREAK,398
BRIEF,344
BUDGET,394
CAN,369
CAPACITY,373
CARAT,345
CARE,383
CAUCUS,366
CAUSALITY,334
CAUSE,282
CENTURY,395
CHANCE,354
CHARACTER,372
CHASSIS,386
CIRCUMSTANCE,210
CITATION,386
CLEARANCE,319
CLUE,375
COMBINATION,326
COMMAND,366
COMMENCEMENT,291
COMMUNICATION,391
COMPARISON,336
COMPETENCE,339
COMPLICATION,289
COMPOSURE,361
COMPRESSION,375
COMPUTATION,329
CONCERN,353
CONCLUSION,345
CONCURRENCE,256
CONDESCENSION,295
CONDITION,297
CONFIDENCE,371
CONGRESS,356
CONJUNCTION,361
CONSCIENCE,386
CONSEQUENCE,299
CONSERVATION,391
CONSERVATIVE,373
CONSIDERATION,318
CONSOLATION,335
CONSPIRATOR,386
CONSTANT,290
CONSTITUTION,395
CONSUMMATION,324
CONTEXT,274
CONTINUATION,321
CONTRACTION,397
CONTRIBUTION,394
CONTROL,347
CONVEYANCE,397
CORPORATION,337
COURSE,391
COWARDICE,344
CRISIS,375
CRITERION,250
CRITICISM,333
CROCK,351
CULT,386
CULTURE,339
CURE,397
CURIOSITY,394
CUSTOM,364
DEAL,383
DEAR,374
DEBATE,397
DEBT,384
DEBUT,316
DECEIT,338
DECISION,340
DECREE,341
DEDUCTION,316
DEED,390
DEFIANCE,383
DEFINITION,224
DEITY,299
DELEGATION,356
DEMOCRACY,364
DENIAL,364
DERIVATION,267
DESCRIPTION,326
DESIRE,368
DESPAIR,388
DESPERATION,389
DESPOT,297
DETERMINATION,386
DEVELOPMENT,356
DEVICE,391
DEXTERITY,316
DIFFERENCE,293
DIFFUSION,376
DIMENSION,355
DIRECTION,399
DISAGREEMENT,362
DISCIPLINE,386
DISCLOSURE,277
DISCORD,343
DISCRETION,285
DISCUSSION,381
DISGRACE,386
DISHONESTY,362
DISMISSAL,362
DISPOSITION,336
DISQUIET,305
DISTINCTION,314
DISTRACTION,359
DIVERSITY,302
DIVIDEND,313
DOGMA,327
DREAD,378
DUTY,346
DYNASTY,386
EASE,327
ECCENTRIC,380
ECONOMY,357
EDITION,373
EDUCATOR,370
EFFECT,280
EFFORT,367
EGO,334
ELABORATION,325
ELIMINATION,375
EMANCIPATION,364
EMBELLISHMENT,275
EMBEZZLEMENT,355
EMERGENCE,387
ENCHANTER,378
ENLIGHTENMENT,335
ENTERPRISE,319
ENTRY,356
ENVY,375
EPISODE,370
EQUAL,321
EQUALITY,346
EQUITY,281
ESSENCE,289
ESTABLISHMENT,389
ESTIMATE,305
ETERNITY,399
ETIQUETTE,388
EVENT,334
EVIDENCE,356
EXASPERATION,375
EXCEPTION,232
EXCHANGE,394
EXCLUSION,326
EXCUSE,310
EXHIBIT,376
EXPERIENCE,367
EXPLANATION,329
EXPRESSION,386
EXPULSION,363
EXTENT,248
EXTERIOR,397
EXTRA,337
EXTREME,332
FACILITY,320
FACT,302
FACTOR,269
FALLACY,287
FALSEHOOD,326
FANCY,384
FARE,384
FATE,343
FEAR,394
FEAT,365
FEEL,363
FEELING,370
FETISH,342
FIGMENT,304
FINE,392
FLAX,389
FLEXIBILITY,395
FOLLY,326
FORETHOUGHT,308
FOUNDER,339
FRANCHISE,309
FRAUD,381
FUNCTION,294
FUNCTIONARY,263
GAIN,307
GAIT,377
GENDER,376
GENERATION,362
GIST,262
GLORY,389
GLUT,334
GRADE,397
GRAMMAR,392
GRATITUDE,396
GRAVITY,388
GRIEVANCE,340
GRUDGE,373
GUESS,330
GUILT,381
HAZARD,394
HEIR,394
HERESY,329
HESITATION,332
HINDRANCE,347
HINT,343
HONESTY,386
HONOUR,363
HUE,399
HUMILIATION,352
HYBRID,370
HYPOTHESIS,315
IDEA,319
IDEAL,331
IDENTIFICATION,345
IDIOM,341
IGNORANCE,386
ILLUSION,396
IMITATOR,383
IMMORTALITY,348
IMMUNITY,367
IMPEDIMENT,348
IMPERFECTION,391
IMPERSONATION,375
IMPETUS,272
IMPORTANCE,347
IMPOSSIBILITY,347
IMPRESSION,313
IMPRINT,332
IMPROVEMENT,332
IMPULSE,396
INACTION,270
INAUGURATION,324
INCIDENT,344
INCONGRUITY,210
INCREASE,356
INCREDULITY,297
INDEPENDENT,361
INDICATION,340
INDISCRETION,305
INDUCEMENT,336
INEFFICIENCY,316
INEXPERIENCE,305
INFALLIBILITY,275
INFERIOR,379
INFLUENCE,270
INFORMATION,364
INFRINGEMENT,278
INGRATITUDE,336
INHIBITION,383
INITIATION,370
INITIATIVE,298
INNOCENCE,383
INQUIRY,321
INSIDE,371
INSIGHT,329
INSISTENCE,324
INSTANCE,250
INTEGRITY,379
INTELLECT,336
INTELLIGENCE,383
INTENTION,286
INTEREST,359
INTERIM,261
INTERRUPTION,359
INTIMATION,345
INTRODUCTION,356
INVESTIGATION,397
IRONY,293
IRREGULARITY,353
ISSUE,315
ITEM,369
JANGLE,392
JARGON,386
JEOPARDY,344
JUNIOR,391
JUSTICE,379
JUSTIFICATION,326
KIND,383
KNOWLEDGE,348
LACK,302
LAMENT,353
LEAST,302
LEGALITY,310
LEGISLATION,367
LENGTH,395
LEVEL,385
LEVITY,321
LIBERTY,392
LIE,385
LOON,348
LUCK,399
LURE,389
LYE,372
LYMPH,383
MAGNESIUM,391
MAGNITUDE,303
MAJOR,395
MAJORITY,390
MAKER,379
MALICE,365
MALL,383
MANNER,342
MANUFACTURER,362
MASTERY,324
MATTER,298
MEASURE,379
MEDIOCRITY,258
MELANCHOLY,370
MEMBER,399
MEMORY,391
MENACE,398
MERCY,373
MERIT,380
METHOD,304
MICROBE,394
MIMIC,390
MIND,373
MINOR,376
MIRACLE,367
MISCONCEPTION,292
MISMANAGEMENT,286
MISTAKE,380
MISTER,365
MISUSE,367
MOMENT,334
MOOD,394
MORAL,341
MORTGAGE,358
MOTIVE,275
MYTH,359
NAMESAKE,348
NECESSITY,306
NEED,327
NEGLECT,372
NEUTRALITY,308
NONSENSE,349
NOUN,368
OBEDIENCE,394
OBLIVION,386
OBSERVATION,345
OCCASION,305
OCCUPATION,375
ODE,344
OFFSHOOT,335
ONSLAUGHT,374
OPINION,359
OPPORTUNITY,335
OPPOSITION,359
ORDER,352
ORIGIN,306
ORIGINAL,324
ORIGINALITY,335
ORIGINATOR,365
OUTBREAK,359
OUTCOME,295
OUTPOST,378
OUTPUT,324
OUTSET,270
OVERLAP,399
OVERPRODUCTION,316
OVERTONE,268
OWNERSHIP,362
OXIDE,337
PACIFISM,383
PACT,364
PARADOX,334
PARDON,355
PART,340
PARTICIPANT,370
PAT,386
PATENT,375
PATIENCE,363
PATRON,376
PAUSE,347
PEER,376
PERCEPTION,355
PERJURY,353
PERMISSION,331
PERMIT,388
PERPETRATOR,272
PERSONNEL,375
PHASE,319
PHILOSOPHY,348
PHRASE,342
PIECE,395
PITY,391
PLAN,379
PLEA,347
POPULATION,391
PORTION,399
POSITION,346
POSSESSIVE,383
PRECAUTION,367
PREDICAMENT,365
PREFERENCE,281
PREFIX,353
PRELIMINARY,254
PRELUDE,340
PREPARATION,313
PREPOSITION,317
PRESENCE,339
PRESTIGE,394
PRETENCE,307
PRIMARY,367
PRIME,386
PRINCIPLE,305
PRODUCTION,347
PROFITEER,297
PROMISE,320
PROMOTION,367
PROOF,339
PROPORTION,329
PROTOCOL,258
PROVINCIAL,322
PROVISION,343
PROXY,334
PURPOSE,280
QUALITY,349
QUANTITY,349
QUESTION,398
QUIBBLE,393
QUOTIENT,341
RADICAL,346
RAP,388
RARITY,270
RATE,311
RATING,310
RATION,392
REACH,391
REACTION,395
REALITY,315
REALM,324
REASON,285
RECOGNITION,388
RECOLLECTION,308
REDUCTION,332
REFINEMENT,375
REFORMATION,280
REFRAIN,370
REGENCY,316
REGRET,359
REGULATION,345
REMARK,321
REMEDY,370
REMINDER,328
REMITTANCE,337
REMOVAL,391
RENOWN,334
REPLACEMENT,333
REPRESENTATIVE,380
REPRISAL,294
REPUBLIC,356
REPUTATION,343
REQUIREMENT,339
RESENTMENT,352
RESOLUTION,316
RESPECT,343
RESPONSE,348
RESPONSIBILITY,294
REST,396
RESULT,324
RESUMPTION,264
RETENTION,316
REVENUE,330
RIDICULE,390
RITE,353
ROLE,385
ROUTINE,341
SAFETY,397
SAGA,345
SAINT,394
SALVE,391
SAMPLER,378
SANCTITY,330
SATIRE,370
SAVE,365
SCHEME,319
SCORN,364
SECURITY,391
SELECTION,311
SEMESTER,383
SENDER,370
SENSATION,394
SENSE,368
SENTIMENT,365
SEQUEL,323
SERIES,398
SESSION,394
SEVERANCE,316
SIDE,386
SIMILE,334
SITUATION,319
SKILL,366
SLAG,373
SLIGHT,317
SOCIALIST,352
SPAN,381
SPANGLE,356
TALE,363
TALENT,399
TALLY,308
TAPER,372
TARIFF,373
TECHNICALITY,262
TEMPTATION,391
TENDENCY,261
TENTATIVE,266
TENURE,286
TERM,387
TESTIMONY,377
THEME,395
THEORY,317
THING,358
THOUGHT,348
TICKER,385
TOIL,393
TOPIC,364
TORMENT,386
TRACE,384
TRADE,390
TRADITION,354
TRANSFER,313
TRANSFORMER,399
TRANSLATION,340
TREASON,363
TREAT,360
TREATY,321
TREND,373
TRIBUTE,386
TRIM,378
TROUBLE,395
TRUISM,292
TRUST,356
TRUTH,374
TURN,384
TURNER,345
TWANG,387
TYPE,395
TYRANNY,386
UNBELIEVER,328
UNCERTAINTY,283
UNCONCERN,322
UNIT,334
UNREST,379
UPKEEP,347
UTTERANCE,313
VALUE,289
VANE,377
VARIETY,372
VERB,357
VESTMENT,365
VETO,336
VIGILANCE,383
VIRTUE,351
VOLUNTARY,327
VOW,389
WAD,370
WAIT,357
WARE,399
WATT,370
WAY,315
WELFARE,362
WISDOM,381
WISH,399
WOE,348
WRATH,377
WRONG,344
ZEAL,347
ZOOLOGY,364
ACADEMY,504
ACCIDENT,518
ACCORDION,576
ACROBAT,583
ADMIRAL,543
ADULT,526
AERIAL,567
AFTERNOON,513
AIRSHIP,545
AISLE,528
ALBATROSS,583
ALCOHOL,598
ALE,526
ALGEBRA,510
ALLEY,572
ALLIGATOR,627
AMBASSADOR,545
AMBULANCE,627
AMMONIA,536
AMPLIFIER,559
ANCHOR,561
ANGEL,554
ANGLE,503
ANIMAL,575
ANKLE,613
ANT,613
ANTIQUE,549
APARTMENT,556
APE,616
APPLE,637
APPLIANCE,554
APRICOT,591
APRON,565
ARCH,557
ARCHERY,550
ARK,517
ARM,593
ARMOUR,536
ARMY,578
ARROW,619
ARTIST,600
ASBESTOS,513
ASH,553
ASPARAGUS,590
ASPHALT,569
ASPIRIN,542
ATHLETE,591
AUDIENCE,555
AUDITORIUM,573
AUNT,567
AUTUMN,622
AVALANCHE,596
AVENUE,564
AXE,597
AXLE,560
BABE,562
BABY,608
BACTERIA,505
BADGE,519
BAG,570
BAGPIPE,594
BALL,622
BALLOON,583
BANANA,644
BAND,579
BANDAGE,554
BANDIT,562
BANK,560
BANKER,565
BANNER,569
BAR,596
BARGAIN,505
BARK,539
BARN,589
BARREL,602
BASEMENT,571
BASIN,542
BASKET,560
BAT,586
BATH,601
BATON,516
BATTLE,597
BAY,570
BEACH,667
BEAK,574
BEAM,539
BEAN,538
BEAR,572
BEAST,558
BEAUTY,513
BEAVER,612
BED,635
BEDROOM,629
BEE,623
BEEF,625
BEER,598
BEET,555
BEETLE,640
BEGGAR,593
BELL,610
BELLY,576
BENCH,555
BERET,517
BERRY,551
BEVERAGE,565
BILL,535
BIN,562
BIRCH,561
BIRD,614
BIRTH,532
BISCUIT,571
BISHOP,524
BLACKSMITH,575
BLADE,568
BLANKET,582
BLISTER,616
BLOOD,620
BLOSSOM,618
BOAR,524
BOARD,592
BOAT,631
BODY,614
BOLT,551
BOMB,606
BONE,567
BOOK,591
BOOT,604
BOSOM,593
BOSS,554
BOTTLE,619
BOULDER,614
BOUQUET,599
BOWL,579
BOX,591
BOY,618
BRACELET,606
BRAIN,572
BRAKE,511
BRANCH,548
BRANDY,590
BRASS,524
BRAT,536
BREAD,619
BREAKFAST,586
BREAST,597
BREEZE,560
BRICK,574
BRIDGE,608
BRIM,510
BRISTLE,562
BRONZE,588
BROOK,597
BROOM,608
BROTHER,589
BROWNIE,553
BRUSH,570
BUBBLE,604
BUCKET,586
BUCKLE,587
BUD,508
BUILDER,551
BULLDOG,583
BULLET,611
BUNGALOW,543
BUNNY,585
BURIAL,544
BURN,541
BUSH,549
BUSYBODY,510
BUTCHER,596
BUTLER,543
BUTTER,603
BUTTERFLY,624
BUTTON,580
CABBAGE,573
CABIN,582
CABINET,524
CAFE,625
CAGE,585
CAKE,624
CALF,565
CAMEL,561
CAMERA,576
CAMOUFLAGE,513
CAMP,588
CANAL,588
CANARY,533
CANCER,567
CANDLE,594
CANDY,601
CANE,608
CANNON,588
CANOE,602
CANTEEN,540
CAPE,566
CAPITOL,545
CAPSULE,594
CAR,638
CARAVAN,562
CARD,578
CARDINAL,531
CARNATION,611
CARP,539
CARPET,538
CARRIAGE,529
CARROT,577
CART,597
CASE,517
CASH,588
CASKET,588
CAT,617
CATERPILLAR,626
CATFISH,544
CATHEDRAL,599
CATTLE,619
CAULIFLOWER,567
CAVE,601
CAVERN,548
CEDAR,516
CEILING,557
CELL,590
CELLAR,572
CEMENT,578
CENT,518
CEREAL,576
CEREMONY,523
CHAIN,559
CHAIR,610
CHALK,601
CHAMPION,508
CHANNEL,508
CHAPEL,560
CHART,531
CHATTERBOX,516
CHEEK,561
CHERRY,582
CHEST,556
CHESTNUT,602
CHICKEN,619
CHIEF,545
CHILD,619
CHILDREN,597
CHIN,608
CHINA,597
CHIPMUNK,609
CHISEL,567
CHOCOLATE,611
CHOIR,567
CHORUS,509
CHRISTMAS,629
CHURCH,616
CIDER,626
CIGAR,619
CIGARETTE,645
CINDER,519
CINNAMON,571
CIRCLE,591
CIRCUS,586
CITY,605
CLAM,541
CLAW,600
CLAY,575
CLIFF,599
CLOAK,518
CLOCK,614
CLOSET,525
CLOTH,547
CLOTHING,588
CLOUD,595
CLOVER,606
CLOWN,589
CLUB,522
COACH,560
COAL,581
COAST,588
COAT,572
COCKTAIL,604
COFFEE,618
COFFIN,606
COIN,603
COKE,623
COLD,531
COLLAR,582
COLLEGE,590
COLONEL,552
COMBUSTION,505
COMET,521
COMRADE,515
CONCERT,578
CONCRETE,564
CONE,559
CONNOISSEUR,513
CONVENT,559
CONVENTION,502
COPPER,548
CORAL,561
CORD,549
CORK,631
CORN,601
CORNER,556
CORPSE,614
CORRIDOR,553
COSTUME,538
COTTAGE,607
COTTON,562
COUCH,536
COUNTRY,539
COURT,552
COURTSHIP,520
COW,632
COWHIDE,528
CRAB,589
CRADLE,592
CRANBERRY,649
CRANE,562
CRANK,524
CREAM,557
CREEPER,526
CROCODILE,601
CROOK,526
CROQUET,539
CROSS,501
CROW,578
CROWD,548
CROWN,602
CRUCIFIX,576
CRUISER,553
CRYPT,553
CRYSTAL,579
CUBE,575
CUCUMBER,623
CUISINE,541
CUP,558
CURB,556
CURLER,521
CURVE,520
CUSTARD,515
DAD,626
DAFFODIL,611
DAGGER,581
DAIRY,537
DAISY,573
DAME,530
DANCE,510
DANCER,551
DANDELION,579
DANDRUFF,554
DANGER,505
DART,597
DATE,501
DAWN,586
DAY,526
DAYLIGHT,575
DECORATION,526
DEER,624
DEGREE,521
DENTIST,622
DESK,574
DESTROYER,508
DESTRUCTION,505
DETECTIVE,524
DEVIL,546
DEW,559
DIAL,541
DIAMOND,623
DIME,590
DIMPLE,518
DINNER,570
DIRT,547
DISASTER,505
DISC,575
DISINFECTANT,529
DISSECTION,562
DITCH,558
DIVE,586
DOCK,559
DOCTOR,600
DOE,532
DOG,636
DOLL,565
DOLLAR,611
DOME,557
DOOR,599
DOORWAY,548
DORMITORY,575
DOT,556
DOUGH,558
DOVE,616
DOZEN,525
DRAIN,540
DREAMER,507
DRESS,595
DRESSER,556
DRILL,571
DRINK,553
DRIVER,567
DRIZZLE,582
DRUG,564
DRUM,599
DRUNKARD,527
DUCHESS,525
DUCK,632
DUMMY,562
DUNGEON,579
DUSK,575
DUST,549
EAGLE,601
EAR,597
EARTH,580
EARTHWORM,569
EASEL,532
ECHO,556
EEL,552
EGG,599
ELBOW,602
ELEPHANT,616
ELF,543
ELM,550
EMBRACE,597
EMERALD,602
EMPEROR,502
ENGINE,595
ENVELOPE,554
ESSAY,564
EVENING,559
EVERGREEN,554
EXAMINATION,575
EXECUTIVE,513
EXHAUSTION,505
EXIT,512
EYE,603
FABRIC,544
FACE,581
FACTORY,608
FAIRY,536
FAMILY,577
FAN,582
FANG,559
FARM,560
FARMYARD,594
FAT,574
FATHER,646
FATIGUE,502
FAWN,565
FEAST,610
FEET,597
FENCE,611
FERRY,592
FESTIVITY,520
FEVER,563
FIDDLE,555
FIGHT,543
FIGURE,526
FILM,562
FILTH,517
FIRE,634
FIREPLACE,639
FIREWOOD,586
FISH,615
FISHERMAN,610
FLAG,607
FLAME,598
FLANNEL,520
FLARE,509
FLASH,528
FLASK,614
FLEA,606
FLEECE,547
FLEET,510
FLESH,567
FLOAT,525
FLOCK,516
FLOOD,598
FLOOR,544
FLOWER,618
FLUSH,530
FLUTE,581
FOAM,600
FOG,606
FOOD,539
FOOT,597
FOOTBALL,597
FOOTSTEP,526
FOREARM,529
FOREHEAD,596
FOREIGNER,516
FOREST,633
FORK,598
FORT,559
FOUNTAIN,602
FOWL,528
FOX,607
FRAME,508
FRATERNITY,508
FRIEND,587
FRIENDSHIP,535
FROG,617
FROST,595
FROWN,589
FRUIT,587
FUDGE,567
FUN,515
FUR,588
FURNACE,586
FURNITURE,588
GAIETY,546
GALAXY,575
GALLERY,566
GALLON,525
GANG,535
GARLIC,565
GARMENT,507
GAS,532
GATE,545
GEESE,603
GEM,572
GENTLEMAN,559
GHOST,552
GIANT,562
GIFT,553
GIN,555
GINGERBREAD,572
GIRDLE,559
GIRL,634
GLACIER,580
GLARE,536
GLASS,585
GLEAM,511
GLITTER,503
GLOBE,583
GLOVE,596
GLUTTON,548
GNAT,550
GOAL,556
GOAT,585
GOBLET,577
GODDESS,515
GOLD,594
GOLF,616
GORILLA,634
GOWN,578
GRADUATION,577
GRANDFATHER,564
GRANDMOTHER,609
GRANNY,546
GRAPE,591
GRAPH,535
GRASS,602
GRASSHOPPER,630
GRAVEL,569
GRAVY,594
GRIZZLY,523
GROCER,551
GROIN,516
GROUND,513
GUARD,530
GUN,613
GUTTER,506
GUY,551
GYMNASTICS,562
HADDOCK,532
HAILSTONE,562
HAIR,580
HAIRPIN,569
HALL,559
HAM,570
HAMLET,565
HAMMER,618
HAND,598
HANDKERCHIEF,583
HARBOUR,597
HARDWARE,576
HARDWOOD,557
HARE,577
HAREM,523
HARNESS,513
HARP,621
HARPOON,531
HARVEST,562
HAT,562
HATCHET,527
HAVOC,505
HAWK,591
HAY,597
HAZE,521
HEAD,593
HEART,617
HEAT,507
HEDGE,583
HEEL,597
HELL,519
HELMET,620
HEN,597
HERB,502
HERDSMAN,500
HERMIT,537
HEROIN,551
HERRING,524
HEXAGON,527
HIGHWAY,581
HILL,607
HIVE,554
HOCKEY,593
HOE,525
HOG,527
HOLE,527
HOLIDAY,629
HOME,599
HONEY,608
HONEYCOMB,593
HONEYMOON,563
HOOD,558
HOOF,598
HOOK,541
HORN,566
HORROR,545
HORSE,624
HOSE,572
HOSPITAL,602
HOSTAGE,536
HOTEL,597
HOUND,596
HOUSE,606
HOUSEHOLD,502
HUMP,515
HUNGER,526
HUNTER,564
HURDLE,600
HURRICANE,608
HUSBAND,537
HUT,560
ICE,635
ICICLE,526
INDIAN,580
INFANT,600
INFERNO,572
INFIRMARY,546
INJURY,551
INK,589
INN,578
INOCULATION,513
INSECT,586
INSTRUCTOR,551
INSTRUMENT,521
INTOXICATION,570
INVITATION,513
INVOICE,510
IODINE,508
IRIS,606
IRON,561
ISLAND,643
ISLE,520
IVORY,529
IVY,551
JACKET,611
JAIL,608
JAM,569
JANITOR,508
JAR,571
JEEP,659
JELLY,590
JERSEY,572
JET,585
JEWEL,621
JOCKEY,606
JOURNAL,509
JOY,533
JUDGE,558
JUGGLER,553
JUICE,593
JUNCTION,502
JUNGLE,555
JURY,580
KENNEL,580
KERCHIEF,515
KERNEL,542
KEROSENE,548
KETTLE,594
KEY,618
KICK,551
KID,525
KILT,622
KING,585
KITE,624
KITTEN,639
KNEE,597
KNIFE,633
KNIGHT,608
KNOB,554
KNUCKLE,520
LACE,506
LAD,534
LADY,571
LAKE,616
LAMB,614
LAMP,575
LAND,566
LANDSCAPE,608
LANE,543
LANTERN,575
LAP,531
LARCH,508
LARK,573
LAUGHTER,613
LAUNDRY,559
LAWN,608
LAWYER,557
LEADER,502
LEAF,608
LEAFLET,534
LEAK,545
LEATHER,586
LECTURE,564
LECTURER,551
LEEK,540
LEG,601
LEMON,632
LEMONADE,606
LENS,556
LEOPARD,635
LETTER,595
LETTUCE,608
LEVER,515
LIBRARY,587
LICE,532
LIEUTENANT,512
LIGHT,542
LIGHTNING,599
LILY,541
LIMB,580
LIME,563
LIMOUSINE,595
LINEN,551
LINT,513
LION,626
LIP,619
LIQUID,589
LIQUOR,576
LIVER,571
LIZARD,632
LOBSTER,630
LOCK,532
LOCKER,569
LOOT,579
LUBRICANT,515
LUMBER,530
LUMP,546
LUNG,576
LUXURY,507
MACARONI,608
MACHINE,575
MACHINERY,526
MACKEREL,540
MADMAN,545
MAGAZINE,588
MAGICIAN,569
MAGNET,543
MAHOGANY,500
MAIDEN,554
MAIL,548
MALE,587
MALLET,557
MAN,567
MANE,528
MANOR,508
MANSION,628
MANTLE,596
MANURE,534
MAP,587
MAPLE,511
MARBLE,605
MARE,529
MARKET,583
MARRIAGE,556
MAST,558
MAT,537
MATE,506
MATERNITY,502
MATTRESS,601
MAZE,555
MEADOW,622
MEAL,573
MEAT,618
MECHANIC,530
MEDAL,529
MEDALLION,565
MEDICINE,551
MEN,587
MENU,613
MERCURY,521
MERMAID,578
MESSENGER,505
METAL,541
METROPOLIS,572
MICROSCOPE,617
MIDNIGHT,602
MILE,511
MILK,638
MINER,569
MINISTER,584
MINK,604
MINNOW,554
MINSTREL,522
MIRROR,627
MISSILE,602
MIST,637
MISTRESS,535
MIXER,536
MOCCASIN,573
MOHAIR,508
MOISTURE,513
MOLE,567
MONARCH,572
MONASTERY,550
MONEY,604
MONKEY,588
MONUMENT,543
MOON,585
MOONLIGHT,613
MOOSE,604
MORGUE,589
MORNING,579
MORPHINE,550
MOSQUITO,612
MOSS,569
MOTH,577
MOTHER,638
MOTOR,521
MOUNTAIN,629
MOUTH,613
MOUTHPIECE,549
MOVIE,571
MUCUS,570
MUD,582
MUG,574
MULE,608
MURDER,549
MUSCLE,553
MUSIC,549
MUSICIAN,585
MUSSEL,556
MUSTARD,599
MUTILATION,502
MUZZLE,513
NAIL,588
NAPKIN,582
NATIVE,507
NATURE,513
NAVEL,546
NAVY,562
NECK,622
NECKLACE,606
NECTAR,523
NEEDLE,589
NEST,571
NET,540
NEWSPAPER,616
NICKEL,572
NIGHT,607
NIGHTFALL,588
NIGHTGOWN,564
NIGHTINGALE,551
NOMAD,516
NOODLE,530
NOOSE,593
NOSE,605
NOTE,503
NOVEL,547
NOZZLE,513
NUN,617
NURSE,617
NURSERY,542
NUTMEG,526
NYMPH,546
OAK,590
OAR,592
OATMEAL,558
OCEAN,623
OFFICE,518
OFFICER,593
OIL,573
OLIVE,578
ONION,617
ORANGE,626
ORCHESTRA,619
ORCHID,597
ORGAN,576
ORNAMENT,594
OTTER,572
OUTSIDER,518
OVEN,599
OVERCOAT,552
OWL,595
OX,548
OYSTER,521
PACKAGE,529
PADLOCK,523
PAGE,555
PAINT,567
PAINTER,565
PALACE,612
PALM,555
PAN,532
PANIC,501
PANTS,630
PAPER,590
PARADE,578
PARADISE,516
PARCEL,509
PARK,573
PARTNER,513
PARTY,596
PASSAGE,525
PASSENGER,529
PASSPORT,546
PASTE,529
PASTURE,562
PATIENT,526
PEA,568
PEACH,613
PEAR,590
PEARL,590
PEASANT,540
PEBBLE,546
PEG,538
PEN,576
PENCIL,607
PENDULUM,605
PENICILLIN,501
PENNY,609
PEOPLE,548
PEPPER,587
PERFORMER,530
PERSON,562
PET,589
PETAL,508
PEW,531
PHONE,587
PHOTOGRAPH,618
PHYSICIAN,572
PIANIST,608
PICKLE,641
PICTURE,581
PIE,604
PIER,545
PIG,635
PIGEON,610
PILE,513
PILL,580
PILLOW,624
PIMPLE,617
PIN,576
PINE,617
PINEAPPLE,569
PIPE,598
PISTON,526
PIT,589
PLANE,556
PLANET,578
PLANK,598
PLANT,605
PLATE,527
PLATFORM,529
PLEASURE,511
PLUG,583
PLUM,611
PLUMB,501
PLUNGE,548
POCKET,558
POET,518
POISON,513
POLE,579
POLICEMAN,629
POLITICIAN,507
POLLEN,526
POLLUTION,509
POLO,524
POND,599
PONY,642
POOL,577
POPE,576
PORCH,586
PORK,522
PORT,546
PORTER,536
PORTRAIT,565
POST,518
POSTER,600
POT,598
POTATO,617
POUND,553
POVERTY,502
POWDER,524
PRAIRIE,569
PRESIDENT,572
PREY,500
PRIEST,568
PRINCE,606
PRINCESS,547
PRISON,593
PRISONER,565
PRIZE,517
PROCESSION,534
PROFESSOR,587
PROFILE,572
PROJECTOR,584
PROMENADE,526
PROPELLER,599
PRUNE,578
PUDDING,588
PUDDLE,562
PULPIT,551
PUMP,556
PUNCH,527
PUP,624
PUPIL,572
PUPPY,635
PURSE,567
PUZZLE,510
PYRAMID,613
QUAIL,505
QUART,545
QUARTER,531
QUEEN,612
QUILL,530
QUILT,554
RABBI,557
RABBIT,611
RACKET,530
RADIO,613
RAIL,556
RAIN,618
RAINBOW,604
RAKE,550
RAM,546
RAMP,527
RAPE,565
RASH,520
RASPBERRY,636
RAT,588
RATTLE,554
RATTLESNAKE,611
RAY,556
RECEIVER,504
RECORD,591
RECTANGLE,590
REED,520
REFEREE,564
REFLECTION,567
REFRIGERATOR,612
REPTILE,579
RESORT,523
REVOLT,502
REVOLUTION,513
REVOLVER,629
RIB,586
RIBBON,563
RICE,506
RIDGE,543
RIFLE,581
RIM,509
RING,601
RIOT,548
RIVER,633
ROAD,609
ROBBER,549
ROBIN,615
ROCK,612
ROCKER,520
ROCKET,612
ROD,549
ROMANCE,551
ROOF,604
ROOM,545
ROOT,565
ROPE,596
ROSE,623
ROUND,559
RUBBER,599
RUBY,562
RUDDER,520
RUG,591
RULER,543
RUM,560
RUNNER,546
RUST,547
SACK,548
SADDLE,578
SAIL,597
SALAD,623
SALOON,608
SALT,570
SALUTE,538
SANDAL,613
SAPPHIRE,560
SARDINE,592
SATCHEL,580
SATIN,561
SAUCE,569
SAUCER,544
SAVAGE,528
SAW,531
SAXOPHONE,602
SCAB,573
SCAR,565
SCAVENGER,501
SCHOOL,599
SCHOOLHOUSE,544
SCORPION,596
SCOTCH,590
SCOUT,578
SCRATCH,543
SCREAM,589
SCROLL,572
SEA,606
SEAL,563
SEAM,555
SEAT,574
SEAWEED,590
SECRETARY,563
SEDUCTION,521
SEED,542
SEMICIRCLE,526
SERF,500
SERGEANT,549
SERVANT,508
SETTLER,528
SEX,584
SHADOW,565
SHARK,602
SHAWL,576
SHED,602
SHEEP,596
SHEEPSKIN,566
SHEET,594
SHELL,581
SHIELD,556
SHIP,612
SHIRT,612
SHIVER,578
SHOE,601
SHOP,561
SHORE,624
SHOULDER,577
SHOVEL,538
SHOWER,615
SHRIMP,618
SHRUB,556
SHUTTER,533
SIGN,534
SIGNAL,513
SILK,510
SILVER,582
SINGER,575
SINK,599
SIREN,578
SISTER,613
SKATE,563
SKETCH,510
SKI,615
SKIN,638
SKIRT,573
SKULL,609
SKUNK,652
SKY,618
SKYLARK,548
SKYSCRAPER,577
SLAP,542
SLAVE,564
SLAVERY,517
SLEEP,530
SLEET,547
SLEEVE,550
SLICE,507
SLIME,558
SLIPPER,595
SLIT,508
SLOPE,578
SLUMBER,500
SLUSH,567
SMACK,601
SMILE,615
SMOKE,615
SNAIL,577
SNAKE,627
SNEEZE,562
SNOW,597
SOAP,600
SOCCER,570
SOCK,553
SODA,544
SOFA,597
SPACE,538
SPADE,578
SPARK,539
SPARROW,583
SPEAKER,549
SPEAR,545
SPECK,503
SPHERE,562
SPICE,592
SPIDER,597
SPIKE,573
SPINACH,606
SPIRE,541
SPONGE,577
SPOOL,552
SPOON,584
SPRAY,559
SPRING,585
SPRUCE,532
TABLE,582
TABLESPOON,600
TACK,546
TAIL,551
TANK,563
TAP,541
TAPE,573
TAR,550
TEA,599
TEACHER,575
TEAM,565
TEETH,611
TELEGRAPH,518
TELEPHONE,655
TELESCOPE,596
TEMPEST,514
TEMPLE,547
TENNIS,634
TENT,593
TEST,528
THERMOMETER,581
THIEF,529
THIMBLE,570
THISTLE,624
THORN,600
THREAD,568
THROAT,561
THUMB,599
THUNDER,554
TICKET,574
TIDE,530
TIE,551
TIGER,606
TIMBER,553
TIMEPIECE,568
TIN,532
TIRE,511
TOAD,591
TOAST,594
TOASTER,580
TOBACCO,601
TOE,620
TOILET,603
TOMATO,610
TOMB,596
TONGUE,621
TOOL,538
TOOTH,624
TORNADO,591
TORTOISE,539
TORTURE,533
TOURIST,577
TOWER,596
TOWN,553
TOY,569
TRACTOR,585
TRAIL,525
TRAILER,587
TRAIN,593
TRASH,599
TRAVEL,506
TRAY,550
TREE,622
TRIAL,516
TRIANGLE,597
TRIBE,515
TRIP,520
TRIPOD,574
TROLLEY,585
TROUT,617
TRUCK,621
TRUMPET,628
TRUNK,529
TUBE,564
TULIP,641
TUNIC,508
TUNNEL,578
TURPENTINE,587
TURTLE,564
TUSK,538
TWIG,555
TWILIGHT,588
TYPEWRITER,615
ULCER,516
UMBRELLA,592
UMPIRE,572
UNCLE,574
UNDERGRADUATE,518
UNIFORM,591
UNIVERSITY,615
URCHIN,529
URN,510
UTENSIL,534
VALLEY,600
VAN,572
VASE,563
VAULT,550
VEAL,519
VEGETABLE,598
VEHICLE,593
VEIL,516
VEIN,546
VELVET,569
VESSEL,525
VEST,581
VESTIBULE,530
VICTIM,521
VILLAGE,578
VINE,564
VINEGAR,562
VIOLET,560
VIOLIN,606
VOLCANO,627
WAIST,530
WALL,576
WALLET,617
WALNUT,590
WALRUS,590
WALTZ,524
WAND,513
WAR,551
WARRIOR,553
WATCH,525
WATER,632
WAVE,542
WAX,547
WEALTH,500
WEAPON,546
WEATHER,537
WEB,602
WEED,596
WEIGHT,521
WENCH,520
WHALE,623
WHEAT,577
WHEEL,576
WHIP,579
WHISKER,542
WHISKEY,592
WHISPER,567
WHISTLE,574
WICK,535
WIDOW,505
WIFE,575
WIG,587
WIGWAM,593
WILDERNESS,564
WILLOW,565
WINDOW,602
WINE,624
WING,584
WINK,501
WINTER,621
WIRE,564
WITCH,589
WIZARD,551
WOLF,610
WOMAN,626
WOMB,529
WOOD,577
WOODLAND,608
WOOL,586
WORLD,560
WORM,578
WRECK,595
WREN,551
WRITING,540
YACHT,624
YARD,568
YAWN,545
YOKE,514
YOLK,530
YOUTH,507
ZOO,613
ABDUCTION,463
ABODE,458
ABSCESS,491
ABYSS,453
ACCELERATION,486
ACHE,443
ACIDITY,432
ACRE,464
ACT,433
ADMINISTRATION,413
ADOLESCENCE,467
ADULTERY,494
ADVENTURER,497
AFFECTION,484
AGE,468
AGILITY,464
AGONY,491
AID,413
AIR,450
ALERT,428
ALGAE,424
ALIEN,470
ALIMONY,456
ALLOTMENT,470
ALLY,453
ALPHABET,499
ALTITUDE,472
AMAZEMENT,456
ANGER,488
ANNEX,435
ANTICIPATION,435
ANXIETY,422
APERTURE,424
APOLOGY,400
APPEAL,402
APPEARANCE,425
ARC,494
ARISTOCRACY,470
ARMADILLO,401
ARRIVAL,419
ART,493
ARTICLE,421
ASSAULT,481
ASTRONOMY,483
ATMOSPHERE,444
ATOM,499
ATROCITY,404
ATTENDANT,499
AUTHOR,460
AVIATOR,445
BACK,483
BACKGROUND,427
BAIL,480
BALANCE,429
BALE,473
BALLOT,437
BANG,470
BARB,448
BARD,406
BARNACLE,458
BARON,498
BASE,436
BEAT,406
BEECH,435
BELFRY,453
BELT,494
BEND,460
BENEFIT,445
BEREAVEMENT,409
BERTH,402
BET,453
BIB,488
BIOLOGY,441
BIT,432
BLESSING,422
BLIND,485
BLINK,471
BLOCK,483
BLUNDER,432
BOAST,416
BOOTH,486
BORDER,453
BORE,404
BOREDOM,406
BOTANY,410
BOTTOM,436
BOUNDARY,435
BRAVERY,450
BRAWL,485
BREATH,480
BRIBE,425
BRUTALITY,489
BRUTE,481
BUFFER,459
BUMP,476
BUNCH,486
BURDEN,499
BUREAU,497
BURLAP,488
BURNER,488
BURROW,444
BUSINESS,441
BUYER,463
CABLE,469
CALCULUS,435
CALL,424
CALM,439
CANDIDATE,452
CANON,493
CAPTAIN,497
CAREER,418
CARGO,497
CAROL,499
CAST,483
CASTE,423
CASTOR,429
CATASTROPHE,435
CENTENNIAL,421
CENTER,459
CHALLENGE,402
CHAMOIS,464
CHAOS,464
CHARITY,445
CHARM,455
CHARTER,406
CHASM,456
CHEAT,457
CHEMISTRY,458
CHILDHOOD,489
CHROME,491
CHUCKLE,497
CHUTE,467
CIRCUIT,472
CITIZEN,445
CIVILIZATION,437
CLASH,456
CLASP,456
CLEAT,481
CLEAVER,478
CLOVE,446
COIL,492
COLLECTION,419
COLONY,481
COLUMN,491
COMEDY,489
COMFORT,421
COMFORTER,499
COMMANDER,478
COMMITTEE,481
COMMODE,447
COMMUNITY,416
COMPACT,462
COMPANY,426
COMPATRIOT,405
COMPETITION,443
COMPLIMENT,406
COMPOSER,467
CONFERENCE,465
CONFLICT,432
CONFUSION,437
CONQUEST,422
CONSTRUCTION,410
CONTACT,449
CONTAMINATION,456
CONTINENT,478
CONTRACT,457
CORE,497
CORNET,436
CORPS,408
CORRESPONDENT,424
COST,401
COUNCIL,405
COUNT,459
COURAGE,440
COUSIN,478
COVER,443
CRAFT,429
CRAG,479
CREATOR,409
CREATURE,492
CREW,486
CRIME,471
CRUMB,497
CUE,448
CURFEW,471
CURRENT,497
CURSE,415
CUSTOMER,488
CYMBAL,494
DAMAGE,443
DEATH,498
DECAY,450
DECOMPOSITION,448
DECOY,453
DEFEAT,402
DEFENCE,413
DELIGHT,459
DELIRIUM,481
DELTA,499
DELUGE,464
DEMON,474
DEMONSTRATION,486
DENT,486
DEPARTMENT,426
DEPOSIT,413
DEPRESSION,453
DEPUTY,435
DERELICT,466
DESIGN,407
DETONATION,443
DEVOTION,411
DICTATION,432
DIET,486
DIGNITY,413
DINER,497
DIP,456
DISCHARGE,426
DISCOVERY,401
DISEASE,487
DISLOCATION,418
DISPLAY,453
DISPUTE,421
DISTANCE,432
DISTORTION,428
DISTRESS,443
DIVISION,404
DOMICILE,435
DOMINATION,421
DONOR,406
DOWRY,422
DRAMA,482
DREAM,485
DROPPER,433
DUEL,494
DUKE,480
DWELLER,448
EAST,497
ECCENTRICITY,401
EDGE,495
EDIFICE,474
EDUCATION,416
ELECTION,435
ELECTRICITY,486
ELOPEMENT,453
EMERGENCY,487
EMISSION,416
EMOTION,478
EMPIRE,470
EMPLOYMENT,435
EMULSION,451
ENAMEL,451
ENCORE,419
END,462
ENEMY,497
ENGAGEMENT,474
ENGINEER,495
ENTHUSIASM,464
ENTRANCE,493
ENTREE,413
EPITAPH,418
EQUIPMENT,410
ERRAND,440
ERROR,408
ESCAPE,459
ESTATE,474
ETHER,436
EVACUATION,405
EVANGELIST,456
EVIL,434
EVOLUTION,402
EWE,481
EXCITEMENT,452
EXERTION,445
EXPANSE,497
EXPANSION,417
EXPEDITION,472
EXPLORATION,451
EXPOSURE,431
EXTERMINATION,422
FABLE,477
FAILURE,437
FALCONER,422
FANTASY,455
FAREWELL,466
FASHION,474
FAST,411
FEE,440
FELINE,471
FELLOW,435
FEUDALISM,409
FILE,442
FILTER,490
FINANCE,405
FINISH,437
FIR,461
FIRM,404
FLAIR,425
FLAVOR,472
FLOW,417
FLUE,400
FLUTTER,459
FOAL,448
FOE,435
FOIL,495
FONT,497
FOOL,436
FORCE,437
FORECAST,435
FORM,452
FORMATION,409
FORTIFICATION,426
FORTUNE,459
FOUL,467
FOUNDATION,429
FREEDOM,437
FREIGHT,465
FRENZY,450
FRICTION,445
FRILL,497
FROCK,403
FRONT,427
FURY,462
FUSE,479
FUSELAGE,402
FUTURE,413
GABLE,424
GADFLY,401
GASKET,487
GASP,491
GAUNTLET,450
GENERAL,491
GENIUS,456
GENTRY,462
GEOGRAPHY,470
GERM,442
GESTURE,432
GIG,437
GINGER,430
GLOOM,429
GOD,461
GORE,429
GOSPEL,440
GOVERNMENT,486
GRACE,441
GRAFT,404
GRAPHITE,443
GRATE,424
GREED,420
GRIEF,480
GROUP,467
GROVE,470
GROWTH,426
GUEST,497
GUIDE,482
GULF,491
GULLET,409
GUST,456
HABITATION,466
HAIL,477
HALF,458
HALTER,453
HARDSHIP,427
HARMONY,423
HASTE,416
HATE,462
HATRED,417
HAUL,406
HEADQUARTERS,499
HEALTH,432
HEAP,494
HEAVEN,448
HEIGHT,472
HELP,464
HENCHMAN,447
HERO,483
HEROISM,432
HIDE,430
HIERARCHY,435
HIND,424
HISTORY,405
HOBBY,494
HOMICIDE,432
HOPE,421
HOSTILITY,437
HOUR,408
HUMANITY,442
HUMANKIND,426
HUMOUR,462
HUSH,467
HYGIENE,459
HYMN,431
IGNITION,466
IMAGINATION,407
IMMENSITY,402
IMPACT,456
IMPATIENCE,413
IMPOTENCY,403
INCH,497
INCLINE,429
INCOME,475
INDEPENDENCE,440
INDIVIDUAL,440
INDUSTRY,499
INFANTRY,483
INFECTION,487
INFINITY,469
INHABITANT,431
INSOLENCE,407
INSTITUTE,485
INSTITUTION,449
INSULT,477
INTERIOR,424
INTERMISSION,402
INTERVIEW,499
INVADER,419
INVENTION,408
IRRIGATION,456
IRRITATION,448
ISLANDER,497
ITCH,486
JACK,460
JADE,459
JEALOUSY,475
JERK,479
JOB,470
JOKE,483
JOLT,426
KEEL,451
KEEPER,421
KINGDOM,494
KNOLL,444
LABOR,424
LABYRINTH,453
LAIR,454
LARD,491
LATCH,464
LAW,409
LEAD,488
LEAN,472
LEAP,494
LEASE,426
LESSON,446
LIAR,425
LICHEN,404
LIFE,482
LIGHTER,458
LINE,491
LINK,481
LISP,464
LITERATURE,487
LOAD,461
LOAFER,456
LOAN,430
LOBBY,462
LODGE,464
LOOP,492
LORD,482
LOSS,409
LOTION,497
LOWLAND,453
LOYALTY,411
LUST,444
LYNX,461
LYRE,426
MAGIC,458
MANAGEMENT,415
MANICURE,451
MANKIND,452
MARCH,497
MARGIN,494
MARK,434
MARVEL,410
MASS,484
MASTER,495
MATCH,490
MATERIAL,490
MATHEMATICS,480
MEETING,451
MERCENARY,436
MERCHANT,472
MESSAGE,438
MILEAGE,460
MINERAL,432
MINUTE,473
MIRAGE,489
MISCHIEF,422
MISERY,444
MIXTURE,433
MOAT,497
MOLASSES,451
MOLD,454
MONSOON,498
MONTH,448
MORTAL,402
MORTAR,449
MOSQUE,461
MOTE,438
MOTION,416
MULTIPLICATION,476
MULTITUDE,436
MUSICAL,451
MUTINY,447
MUTTON,484
MYSTERY,472
MYSTIC,495
NAME,475
NATION,436
NEIGHBORHOOD,456
NEPHEW,443
NERVE,486
NEWS,484
NEWT,472
NOTICE,467
NUMBER,489
OAT,499
OATH,443
OBJECT,408
OBOE,471
OBSERVER,489
OBSESSION,409
OBSTRUCTION,413
OMEN,413
ONE,432
OPAL,490
OPENING,462
OPIUM,487
OPPONENT,408
OPTIMISM,418
OSCILLATION,440
OUNCE,457
OUTFIT,487
OUTHOUSE,494
OUTSIDE,419
OWNER,425
PAIR,480
PALETTE,437
PANE,410
PANORAMA,464
PARAGRAPH,482
PARISH,483
PARLIAMENT,475
PASSION,467
PAST,446
PASTOR,488
PATTERN,453
PAWN,479
PAYMENT,472
PEACE,446
PEACEMAKER,416
PECK,494
PEEL,436
PEEP,437
PEP,466
PERCH,462
PERFORMANCE,453
PERIOD,429
PERIODICAL,492
PERSECUTION,416
PERSONALITY,405
PEST,445
PHANTOM,499
PHYSICS,425
PINT,487
PIONEER,416
PLAIN,463
PLAY,498
PLEDGE,408
PLOT,420
POETRY,486
POINT,481
POLISH,494
POLKA,475
POLL,488
PORE,447
POSSESSION,410
PRAISE,467
PRAYER,492
PREJUDICE,419
PRESENT,481
PRESSURE,446
PRIDE,424
PRINCIPAL,402
PROBLEM,411
PRODUCT,435
PROFESSION,406
PROFIT,497
PROGRAM,458
PROJECTILE,486
PRONG,499
PRONOUN,402
PROP,450
PROPERTY,466
PROPHET,467
PROPRIETOR,475
PROSECUTOR,497
PROSPERITY,436
PROTECTION,410
PROTEST,472
PSALM,427
PSYCHOLOGIST,470
PUBLIC,448
PUNCTURE,465
PUNISHMENT,418
QUACK,446
QUAKE,463
QUARREL,479
QUEST,460
RACE,457
RACK,439
RAID,476
RANGE,413
REAPER,462
REAR,455
REBEL,497
RECALL,424
RECEIPT,432
RECEPTACLE,426
RECESS,415
RECITAL,495
RECRUIT,412
RECTOR,494
REEL,487
REFLEX,476
REGISTER,483
RELATION,451
RELAXATION,494
RELIC,481
RELIEF,432
RELIGION,434
RENDEZVOUS,477
RENT,469
REPAIR,440
REPORT,411
RESCUE,456
RESEARCH,445
RESIDUE,487
RESISTANCE,416
RETAILER,445
RETREAT,408
REVENGE,429
REWARD,453
RHAPSODY,409
RHYME,475
RIDDLE,455
RIGIDITY,432
RISK,405
RITUAL,474
ROBBERY,484
ROGUE,478
ROLL,496
ROSARY,464
ROTATION,448
ROUTE,447
ROVER,473
RULE,415
RUMBLE,494
RUNG,480
RUSH,404
RYE,459
SABLE,419
SAFE,474
SALARY,452
SALE,422
SALUTATION,456
SALVATION,408
SANCTUARY,481
SANITATION,447
SAP,451
SASH,488
SATISFACTION,478
SCALE,463
SCENE,432
SCENT,421
SCHOLAR,451
SCOWL,456
SEARCH,402
SEASON,495
SEDATIVE,459
SEEDLING,451
SEGMENT,480
SELF,466
SELLER,427
SEPARATION,435
SERVICE,408
SHAKER,408
SHALE,401
SHAME,419
SHAPE,471
SHELTER,488
SHOCK,471
SHORTAGE,405
SHOW,424
SIGHT,406
SILENCE,470
SIN,441
SITE,406
SIZE,415
SLANG,411
SLIDE,490
SMEAR,415
SMELL,477
SMELT,473
SMUT,426
SNAP,410
SNEER,494
SNORT,472
SOB,483
SOCIETY,440
SOD,467
SOLE,462
SORE,486
SORROW,429
SOUND,497
SOUTH,476
SOW,479
SPASM,486
SPECIALIST,448
SPECIMEN,417
SPEECH,447
SPELL,429
SPIRIT,450
SPITE,405
SPLIT,445
SPOKE,466
SPOOK,449
SPOUT,466
SPREE,425
SPURT,491
SQUEAK,492
SQUIRE,459
STAFF,478
STALK,440
STAND,471
STANZA,437
STARCH,497
STARE,420
STEAL,448
STEP,483
STOLE,441
STOP,452
STORY,491
STRAIN,402
STRAND,431
STRANGER,454
STRENGTH,470
STRIDE,462
STROKE,481
STRUT,437
STUB,495
STUMP,490
STUNT,429
STYLE,416
SUBJECT,418
SUBTRACTION,413
SUCCESS,443
SUCKER,419
SUITE,487
SUM,465
SURFACE,453
SURPRISE,451
SURRENDER,432
SWARM,488
SWELL,410
SYMBOL,447
SYMBOLISM,438
SYMPATHY,402
SYNAGOGUE,498
TAILOR,499
TALK,453
TASK,410
TASTE,425
TAX,446
TEMPER,489
TEMPERATURE,460
TERRITORY,445
TERROR,483
TEXT,437
THEFT,436
THEOLOGIAN,416
THINKER,405
THONG,448
THREAT,408
THRILL,483
THRONG,452
THUD,453
THYME,470
TIDBIT,448
TIME,413
TIP,483
TITLE,413
TOKEN,416
TOLL,419
TON,475
TOP,486
TOUCH,456
TRACK,499
TRACTION,479
TRAGEDY,478
TRAINER,482
TRAITOR,447
TRANCE,463
TRAVELLER,491
TREASURER,493
TREATMENT,408
TREMOR,491
TRICK,459
TRIUMPH,470
TROOP,498
TRUCE,481
TUMBLE,461
TUNE,463
TURMOIL,429
TYRANT,494
UNDERWORLD,448
UPHEAVAL,424
UPHOLSTERY,478
VACUUM,479
VALE,421
VANITY,406
VAPOR,493
VELOCITY,417
VENOM,456
VERSE,489
VET,494
VETERAN,439
VICE,413
VICTORY,461
VIEW,430
VIGIL,426
VISE,432
VISITOR,499
VOICE,489
VOLT,415
VOLUME,464
VOTE,477
VOTER,486
WAFER,484
WAGE,466
WASTE,448
WEEK,481
WEST,426
WHARF,463
WHIFF,461
WHIRL,499
WHOLESALER,409
WIN,454
WITNESS,467
WORK,458
WORKER,486
YEAR,428
YELP,499
YEW,467
ZENITH,449
ZERO,483
ZODIAC,415
ZONE,432